{"combined_wordle_google": {"0": {"a": 0.06380968261908732, "b": 0.06792285031404591, "c": 0.06786726696681675, "d": 0.05096992940914902, "e": 0.02801400700350175, "f": 0.042076593852481796, "g": 0.046467678283586236, "h": 0.04129842699127342, "i": 0.01556333722416764, "j": 0.018231337891167806, "k": 0.032794174865210385, "l": 0.0469123450614196, "m": 0.05886276471569118, "n": 0.02890334055916847, "o": 0.021121671947084652, "p": 0.06247568228558724, "q": 0.005280417986771163, "r": 0.04568951142237786, "s": 0.10999944416652771, "t": 0.06086376521594131, "u": 0.013617920071146684, "v": 0.020399088433105443, "w": 0.029125673948085153, "x": 0.0018898338057917847, "y": 0.0122839197376466, "z": 0.007559335223167139}, "1": {"a": 0.1878161302873659, "b": 0.006447668278583736, "c": 0.012784169862709133, "d": 0.006947918403646267, "e": 0.13245511644711244, "f": 0.002278917236395976, "g": 0.005558334722917014, "h": 0.03985325996331499, "i": 0.10488577622144406, "j": 0.0009449169028958923, "k": 0.0066144183202712465, "l": 0.049858262464565616, "m": 0.013506753376688344, "n": 0.0271802567950642, "o": 0.154521705297093, "p": 0.015452170529709298, "q": 0.0012228336390417431, "r": 0.07109110110610861, "s": 0.011005502751375688, "t": 0.018342504585626147, "u": 0.08809960535823468, "v": 0.004557834472791952, "w": 0.010672002668000667, "x": 0.004669001167250292, "y": 0.020677005169251292, "z": 0.0025568339725418263}, "2": {"a": 0.08915568895558891, "b": 0.02751375687843922, "c": 0.030626424323272748, "d": 0.032405091434606195, "e": 0.06686676671669167, "f": 0.012339503084875771, "g": 0.030015007503751877, "h": 0.012617419821021622, "i": 0.0783725195931299, "j": 0.004391084431104441, "k": 0.01912067144683453, "l": 0.06864543382802513, "m": 0.03951975987993997, "n": 0.08009560335723417, "o": 0.06842310043910844, "p": 0.025623923072647437, "q": 0.001111666944583403, "r": 0.0966038574842977, "s": 0.044966927908398645, "t": 0.0491356789505864, "u": 0.04813517870046134, "v": 0.018453671280084488, "w": 0.018398087932855318, "x": 0.009504752376188095, "y": 0.017619921071646935, "z": 0.010338502584625646}, "3": {"a": 0.08821077205269301, "b": 0.01906508809960536, "c": 0.03251625812906453, "d": 0.03913067644933578, "e": 0.167917291979323, "f": 0.015174253793563448, "g": 0.030626424323272748, "h": 0.020399088433105443, "i": 0.07737201934300483, "j": 0.002779167361458507, "k": 0.033183258295814574, "l": 0.0580845978544828, "m": 0.028069590350730922, "n": 0.06408759935523317, "o": 0.05591684731254516, "p": 0.027124673447835028, "q": 0.00022233338891668056, "r": 0.056250347395920185, "s": 0.0394641765327108, "t": 0.07070201767550442, "u": 0.03496192540714802, "v": 0.011561336223667389, "w": 0.00789283530654216, "x": 0.0010005002501250625, "y": 0.009115668945583903, "z": 0.009171252292813074}, "4": {"a": 0.0740926018564838, "b": 0.0051136679450836525, "c": 0.009282418987271413, "d": 0.05091434606191985, "e": 0.13089878272469568, "f": 0.006169751542437886, "g": 0.012895336557167472, "h": 0.028125173697960092, "i": 0.03168250792062698, "j": 0.000389083430604191, "k": 0.019287421488522038, "l": 0.038185759546439886, "m": 0.016952920904896893, "n": 0.06058584847979545, "o": 0.038963926407648265, "p": 0.009893835806792286, "q": 0.0005558334722917015, "r": 0.056361514090378526, "s": 0.2468456450447446, "t": 0.052859763214940805, "u": 0.006836751709187927, "v": 0.0013895836807292536, "w": 0.004391084431104441, "x": 0.005836251459062865, "y": 0.08620977155244289, "z": 0.005280417986771163}}, "all_wordle": {"0": {"a": 0.05681467776749923, "b": 0.07007400555041628, "c": 0.07107616404563676, "d": 0.05280604378661733, "e": 0.02335800185013876, "f": 0.04609929078014184, "g": 0.04918285538082023, "h": 0.03769657724329325, "i": 0.012719703977798334, "j": 0.01557200123342584, "k": 0.028985507246376812, "l": 0.044480419364785695, "m": 0.053422756706753005, "n": 0.02505396238051187, "o": 0.020197348134443415, "p": 0.0662195497995683, "q": 0.006012950971322849, "r": 0.04841196423065063, "s": 0.12064446500154179, "t": 0.06282762873882208, "u": 0.014569842738205366, "v": 0.018655565834104226, "w": 0.03183780450200432, "x": 0.0012334258402713536, "y": 0.013953129818069688, "z": 0.008094357076780759}, "1": {"a": 0.17445266728337958, "b": 0.006244218316373728, "c": 0.013567684242984891, "d": 0.0064754856614246065, "e": 0.12550107924761023, "f": 0.0018501387604070306, "g": 0.00585877274128893, "h": 0.04209065679925995, "i": 0.10661424606845514, "j": 0.0008479802651865557, "k": 0.007323465926611162, "l": 0.053885291396854766, "m": 0.014492753623188406, "n": 0.026595744680851064, "o": 0.16157878507554732, "p": 0.017807585568917667, "q": 0.001156336725254394, "r": 0.07246376811594203, "s": 0.007169287696577244, "t": 0.018424298489053345, "u": 0.09150477952513106, "v": 0.004008633980881899, "w": 0.012565525747764416, "x": 0.0043940795559666975, "y": 0.020891150169596053, "z": 0.0022355843354918284}, "2": {"a": 0.09528214616096208, "b": 0.02582485353068147, "c": 0.030218933086648164, "d": 0.030064754856614247, "e": 0.06799259944495838, "f": 0.01372186247301881, "g": 0.028060437866173297, "h": 0.009250693802035153, "i": 0.08102065988282454, "j": 0.0035460992907801418, "k": 0.020968239284613013, "l": 0.06537156953438175, "m": 0.03939253777366636, "n": 0.07431390687634906, "o": 0.07654949121184089, "p": 0.028060437866173297, "q": 0.0010021584952204748, "r": 0.09235275979031761, "s": 0.04108849830403947, "t": 0.04748689485044712, "u": 0.051418439716312055, "v": 0.018501387604070305, "w": 0.020891150169596053, "x": 0.010252852297255628, "y": 0.016419981498612395, "z": 0.010946654332408264}, "3": {"a": 0.08279370952821462, "b": 0.018732654949121186, "c": 0.0316836262719704, "d": 0.03630897317298797, "e": 0.179386370644465, "f": 0.017961763798951588, "g": 0.03260869565217391, "h": 0.018115942028985508, "i": 0.06783842121492445, "j": 0.0022355843354918284, "k": 0.038775824853530684, "l": 0.05943570767807586, "m": 0.030989824236817762, "n": 0.06074622263336417, "o": 0.0538082022818378, "p": 0.032223250077089115, "q": 0.0001541782300339192, "r": 0.055427073697193956, "s": 0.039777983348751156, "t": 0.06922602528522973, "u": 0.030912735121800802, "v": 0.012025901942645698, "w": 0.009867406722170829, "x": 0.0009250693802035153, "y": 0.008325624421831638, "z": 0.00971322849213691}, "4": {"a": 0.05242059821153253, "b": 0.004548257786000617, "c": 0.00979031760715387, "d": 0.06344434165895775, "e": 0.11732963305581252, "f": 0.006321307431390688, "g": 0.011023743447425224, "h": 0.028522972556275054, "i": 0.021584952204748688, "j": 0.00023126734505087883, "k": 0.019966080789392538, "l": 0.03669441874807277, "m": 0.014030218933086648, "n": 0.04085723095898859, "o": 0.029987665741597287, "p": 0.011332099907493062, "q": 0.0003083564600678384, "r": 0.051880974406413816, "s": 0.30511871723712614, "t": 0.05604378661732963, "u": 0.005164970706136293, "v": 0.0003083564600678384, "w": 0.004933703361085414, "x": 0.005396238051187172, "y": 0.10029293863706444, "z": 0.002466851680542707}}, "wordle_curated": {"0": {"a": 0.06090712742980561, "b": 0.07473002159827213, "c": 0.08552915766738661, "d": 0.04794816414686825, "e": 0.031101511879049675, "f": 0.05874730021598272, "g": 0.04967602591792657, "h": 0.029805615550755938, "i": 0.01468682505399568, "j": 0.008639308855291577, "k": 0.008639308855291577, "l": 0.03801295896328294, "m": 0.04622030237580994, "n": 0.015982721382289417, "o": 0.017710583153347732, "p": 0.061339092872570194, "q": 0.009935205183585313, "r": 0.04535637149028078, "s": 0.15809935205183584, "t": 0.06436285097192225, "u": 0.014254859611231102, "v": 0.018574514038876888, "w": 0.035853131749460046, "x": 0.0, "y": 0.002591792656587473, "z": 0.0012958963282937365}, "1": {"a": 0.13131749460043196, "b": 0.006911447084233261, "c": 0.017278617710583154, "d": 0.008639308855291577, "e": 0.10453563714902808, "f": 0.0034557235421166306, "g": 0.005183585313174946, "h": 0.06220302375809935, "i": 0.08725701943844492,